{
	"name": "abf-compendiums",
	"title": "ABF Compendiums",
	"version": "1.0.4",
	"authors": [
		{
			"name": "Julen Bordonaba"
		},
		{
			"name": "Lui Sin"
		}
	],
	"description": "Module for Foundry VTT adding utils for ABF system",
	"languages": [
		{
			"lang": "es",
			"name": "Espa�ol",
			"path": "languages/es.json"
		}
	],
	"packs": [
		{
			"name": "Core Exxet",
			"label": "(ES) Core Exxet",
			"system": "animabf",
			"path": "./packs/core-exxet.db",
			"type": "Actor"
		},
		{
			"name": "Dramatis Personae 1",
			"label": "(ES) Dramatis Personae 1",
			"system": "animabf",
			"path": "./packs/dramatis-v1.db",
			"type": "Actor"
		},
		{
			"name": "Dramatis Personae 2",
			"label": "(ES) Dramatis Personae 2",
			"system": "animabf",
			"path": "./packs/dramatis-v2.db",
			"type": "Actor"
		},
		{
			"name": "Gaia 1",
			"label": "(ES) Gaia 1",
			"system": "animabf",
			"path": "./packs/gaia-1.db",
			"type": "Actor"
		},
		{
			"name": "Gaia 2",
			"label": "(ES) Gaia 2",
			"system": "animabf",
			"path": "./packs/gaia-2.db",
			"type": "Actor"
		},
		{
			"name": "LQCCN",
			"label": "(ES) LQCCN",
			"system": "animabf",
			"path": "./packs/lqccn.db",
			"type": "Actor"
		},
		{
			"name": "PWG",
			"label": "(ES) PWG",
			"system": "animabf",
			"path": "./packs/pwg.db",
			"type": "Actor"
		},
		{
			"name": "Dravenor",
			"label": "(ES) Dravenor",
			"system": "animabf",
			"path": "./packs/dravenor.db",
			"type": "Actor"
		},
		{
			"name": "Unclassified",
			"label": "(ES) Unclassified",
			"system": "animabf",
			"path": "./packs/unclassified.db",
			"type": "Actor"
		}
	],
	"relationships": {
		"requires": [
			{
				"id": "animabf",
				"type": "system",
				"manifest": "https://raw.githubusercontent.com/AnimaBeyondDevelop/AnimaBeyondFoundry/main/src/system.json",
				"compatibility": {
					"verified": "1.15.1"
				}
			}
		]
	},
	"minimumCoreVersion": "0.8.8",
	"compatibleCoreVersion": "9",
	"system": [ "animabf" ],
	"url": "https://github.com/JulenBordonaba/ABF-Compendiums",
	"manifest": "https://github.com/JulenBordonaba/ABF-Compendiums/releases/latest/download/module.json",
	"download": "https://github.com/JulenBordonaba/ABF-Compendiums/releases/latest/download/module.zip"
}
